product_name,total_product_views,total_add_to_cart,total_purchases,sessions,users
Google Sunglasses,526,405,310,2470,2293
Google Men's Vintage Badge Tee Black,649,369,184,8045,7155
Google Women's Vintage Hero Tee Black,198,180,162,2317,2058
Google Men's Long & Lean Tee Charcoal,5,38,128,410,367
Google 22 oz Water Bottle,230,217,118,2510,2284
Google Men's Vintage Badge Tee Sage,163,138,118,5519,4952
Google Men's 100% Cotton Short Sleeve Hero Tee Black,43,55,114,1851,1679
Google Men's Vintage Badge Tee White,235,142,102,5498,4933
Google Men's 100% Cotton Short Sleeve Hero Tee White,1251,499,100,13188,11540
Google Men's Short Sleeve Hero Tee Charcoal,7,47,100,324,296
Google Laptop and Cell Phone Stickers,381,235,98,5116,4699
Google Women's Scoop Neck Tee Black,99,78,92,2289,2039
Foam Can and Bottle Cooler,115,68,92,4988,4537
Google Men's Bike Short Sleeve Tee Charcoal,21,52,88,134,124
Red Shine 15 oz Mug,344,181,86,4443,4090
Google Blackout Cap,187,47,78,5197,4726
Google Doodle Decal,257,114,78,5883,5427
Google Men's 100% Cotton Short Sleeve Hero Tee Red,17,18,74,964,874
26 oz Double Wall Insulated Bottle,395,138,72,5294,4744
Google Men's 100% Cotton Short Sleeve Hero Tee Navy,16,44,72,2070,1874
Leatherette Journal,151,76,70,1595,1440
Google Men's Short Sleeve Badge Tee Charcoal,4,30,69,236,224
Rubber Grip Ballpoint Pen 4 Pack,99,77,68,3554,3233
Google Men's Long Sleeve Raglan Ocean Blue,9,57,68,2291,2044
YouTube Men's Fleece Hoodie Black,120,123,66,1308,1189
Google Women's Short Sleeve Hero Tee Grey,29,56,64,560,507
Google Twill Cap,306,102,64,5768,5232
Google Canvas Tote Natural/Navy,202,81,62,4414,4028
Recycled Paper Journal Set,41,35,62,524,492
Spiral Notebook and Pen Set,84,36,60,1674,1511
Google Women's Vintage Hero Tee White,142,100,60,2328,2073
Android Men's Long & Lean Badge Tee Charcoal,64,74,60,2801,2582
Google Men's Short Sleeve Performance Badge Tee Charcoal,62,37,58,1216,1144
Google Women's Scoop Neck Tee White,43,39,58,2258,2014
Google Men's Short Sleeve Performance Badge Tee Pewter,57,29,58,1135,1063
Android Men's Short Sleeve Hero Tee Heather,7,17,56,160,150
Sport Bag,176,58,54,4922,4461
Google Men's  Zip Hoodie,434,159,54,5083,4533
Recycled Mouse Pad,133,85,54,4279,4017
Google Kick Ball,151,66,54,2866,2629
Google RFID Journal,96,42,52,1586,1448
Windup Android,209,103,52,5667,5187
Crunch Noise Dog Toy,44,39,52,1095,1038
Google Men's Watershed Full Zip Hoodie Grey,234,95,52,3981,3562
Collapsible Shopping Bag,159,68,50,4441,4054
Google Luggage Tag,68,37,48,3042,2806
YouTube Twill Cap,618,220,48,22745,21273
Google Leather Perforated Journal,58,42,48,1402,1282
Google Women's Long Sleeve Blended Cardigan Charcoal,54,32,48,1347,1236
Four Color Retractable Pen,65,46,44,1122,1030
Google 17oz Stainless Steel Sport Bottle,222,104,40,6019,5457
Google Men's Long & Lean Tee Grey,2,61,38,374,357
Google Slim Utility Travel Bag,150,40,38,4541,4135
Google Snapback Hat Black,98,41,38,7631,6859
Android Men's Take Charge Short Sleeve Tee Purple,18,26,38,594,541
Google Executive Umbrella,8,21,38,594,568
Android Men's Long Sleeve Badge Crew Tee Heather,75,75,38,6731,6028
Google Women's Vintage Hero Tee Platinum,36,29,38,1612,1445
22 oz Android Bottle,119,54,36,5681,5155
YouTube Custom Decals,1018,228,36,20713,19539
Gunmetal Roller Ball Pen,63,30,36,1260,1166
Google Women's Short Sleeve Hero Tee Black,122,103,36,3639,3194
Google 5-Panel Snapback Cap,107,21,36,5168,4707
Google Womens 3/4 Sleeve Baseball Raglan Heather/Black,0,0,34,23,22
22 oz YouTube Bottle Infuser,415,121,34,22290,20873
Waterproof Backpack,754,99,34,8202,7378
Badge Holder,85,36,34,983,945
Google Men's Quilted Insulated Vest Black,83,43,34,2084,1897
Google Men's Performance Full Zip Jacket Black,188,33,32,2931,2663
Google Metallic Notebook Set,138,51,32,1422,1293
Ballpoint Stylus Pen,28,17,32,1330,1212
Google Baby Essentials Set,60,59,32,395,369
Android Rise 14 oz Mug,274,94,30,5785,5300
Google Tri-blend Hoodie Grey,277,66,30,3970,3528
Keyboard DOT Sticker,298,59,30,4368,4062
Google Women's Convertible Vest-Jacket Black,78,54,30,1002,933
Ballpoint LED Light Pen,74,43,30,1132,1050
Google Spiral Journal with Pen,52,36,30,1663,1504
Google Women's Long Sleeve Tee Lavender,52,38,30,1879,1679
YouTube Men's Short Sleeve Hero Tee Black,477,170,29,19065,17997
Google Rucksack,723,76,28,7988,7205
Google Women's Short Sleeve Hero Tee White,33,30,28,1795,1628
Google Women's Short Sleeve Hero Tee Red Heather,16,14,28,500,454
Google Women's Short Sleeve Badge Tee Navy,4,27,28,114,100
Android Sticker Sheet Ultra Removable,185,87,28,6540,5964
Electronics Accessory Pouch,246,54,28,7830,7137
SPF-15 Slim & Slender Lip Balm,69,28,28,3917,3622
Google Women's Vintage Hero Tee Lavender,50,45,28,1590,1424
Google Zipper-front Sports Bag,42,22,26,1803,1689
Google Laptop Backpack,707,81,26,6305,5682
Android 17oz Stainless Steel Sport Bottle,109,40,26,5320,4826
Google 17 oz Double Wall Stainless Steel Insulated Bottle,148,55,26,2975,2739
Pen Pencil & Highlighter Set,89,40,26,1127,1047
8 pc Android Sticker Sheet,118,69,26,5386,4929
Google Women's Short Sleeve Badge Tee Grey,3,11,26,410,366
Android Men's Pep Rally Short Sleeve Tee Navy,0,10,26,37,37
Waterproof Gear Bag,138,52,26,3861,3545
YouTube Men's Vintage Henley,259,92,26,25649,23756
Satin Black Ballpoint Pen,87,27,24,2548,2346
Google Men's Airflow 1/4 Zip Pullover Black,63,15,24,2566,2337